,Id,Pawpularity
0,b497492bc14809a6f35cba952642b68f,12
1,b49936cdc657d55a85f8f831e69f8c9a,34
2,b49ad3aac4296376d7520445a27726de,17
3,b49bf6de708a0ea3c9d64a13964db787,32
4,b4a2ada25df4490659fb38df568e3051,12
5,b4a403a0eebb92f667734414edd2f293,28
6,b4a81566ff73c281ed54905f34741b01,43
7,b4a8996a2e8f5c4343bf866267754522,32
8,b4b25a1a7094feaff2875628d9aa26d1,84
9,b4b5551e8862448e2fb55232d050773f,31
10,b4b662dfc2b2dfb8b76899681541b472,71
11,b4ca92d5f3ad8b0d49482fdc8abdcc84,24
12,b4d6b61ef0899ba56800acd197fd05fb,30
13,b4d8d5eb8d073dc3416fd7c21d0c3a6d,54
14,b4da1885d1b1b8da01ba2da0735211a8,11
15,b4db66d20b03215afe4e31069a9c0acb,43
16,b4df3725315c4b55ed5bdec466608879,71
17,b4ebd690c2b69803b1cd38786c8b7bfc,11
18,b4ecd098640641784e087abb145a1f2b,21
19,b4ef23ed5fcd408958bc0235cf531abd,32
20,b4f8866c4a0643c3305c35b04a8e8aec,42
21,b50c2590a3dcd92c39d2b507d050749f,31
22,b50d5a870be7ce4feb5c154c5e69f1b2,24
23,b50dead67dc45649587acb30e65ab201,39
24,b50efc7fb0a240c573f9c68b450c1187,74
25,b5144b9e955f10573e9e844217c55f05,31
26,b517a911a6c7b9ef84b7b94813103327,2
27,b5191d76ee16e82718322cb6b7e35921,51
28,b51a4675859a987935b3b28341e0181c,48
29,b527270bc6d68256bca2749e2e0863de,35
30,b52950b82dfc36a597f9f0d02b8787ad,44
31,b5347a4957bcc323ba3ee6482dd1ec88,30
32,b53d6b842af952eba196e1c8014e0c8e,42
33,b53ec8667c162cedebab9061837c7fbe,40
34,b540d98c64c0e7c6900182991bc21f1f,100
35,b54266f3fbfe8f8e24b77233ef6960b7,13
36,b5450c0ee3436529bcefc60efc7bc26a,23
37,b549eff63148657e06c4c27bbcf20f40,23
38,b54c1174822ec18f2bc471c440318466,26
39,b55cef43ac3bdf14e5ae188de46e52d8,43
40,b55e74c7900d6b9ffed4507578c777ff,53
41,b562981703f3b07963dfca632da2a675,34
42,b564131785a9287256f6e10baf3462ea,31
43,b564f94b151501411b9571a7741c391c,2
44,b572b718d79d8598672178dee5f1f98e,29
45,b5748513efee33fac7ee56d6cde4f14c,47
46,b5857b7aa9f426f11dbda1c4c2fc0b20,100
47,b598224ec52428e36dc01093913ed349,42
48,b59a23e2695ec22ce7042a1bb689cbcf,36
49,b5c3b07c1cb5c44766c293e46db3561e,32
50,b5c423780940c61b00792ae11888d6a5,32
51,b5c6d24b551732a75b99a53c3c305fbf,26
52,b5d5bdd17785b2fe9b44b5f94b7eb22e,45
53,b5d6ab0a9b5cbbdb080b245ffbc5a835,19
54,b5dd2c5068363fef61de2cdb27be7cd2,28
55,b5e088eac99bde48cc14ae7a602639e7,60
56,b5e16f242bb8658a30df68bd79e15b56,100
57,b5e182b1d4c5a5d8cfe7258b9c64c189,12
58,b5e52d5445b9f2b8df8aff280504426a,3
59,b5ead9ca987b20cbb185ee3b1bba1a8d,37
60,b5f29b8fa07451489be7d8e485167b93,61
61,b5ff2af3202881a12bbecb4a150cbfc9,28
62,b6004a1d03498ef6ef362685e38535e2,28
63,b601f4c8dd2b6c5757fd7522c6822284,32
64,b605297747508fc8b886f4fdeed91739,24
65,b60dc1be0039a606969c1d688b869986,42
66,b60e82fd313066b801fa4431d1ce4f4e,64
67,b612ba67a7ca7c32f8f9b589547496f0,100
68,b61792bbf9e5b9e5e942d36ff1964b5c,46
69,b619cd8ab8064cc4f53417e6d24cdfd4,33
70,b61f3edccea5f41b859e6ad8d1343926,24
71,b623328c451216873105ceac303ec228,30
72,b62c7148e72cc49d0ee89c4a523d56be,31
73,b62fef4015a247d6825569daf8044aaf,56
74,b633493ca4724ec64e754a6100100658,30
75,b63601d46c7d74f6be619a1c14f3e0a6,69
76,b641c861576621f61b09965490810b6c,26
77,b650ba15052b67cd0c06fc88be9691f7,22
78,b6557d0630091ddb75fc2828cbdccd32,23
79,b65668926b8e2970bc66e46304a1c783,24
80,b65744e4f2479230d553e9e753098af8,23
81,b65eaed98a65afc9773a1454217799c8,16
82,b6648959b96e322b259352889f7922eb,60
83,b6745a3e80c05c47ceb7ef2738acc9c7,55
84,b6899aa4c5ab3cdcdc383e235300a278,23
85,b694201cfab47e39629a11c31c4d10bb,98
86,b694303c9b9ae4571a94b6d742eb7073,33
87,b69c3d32a120a8c37a75765ce516b7c1,24
88,b69f616d2ae9a5529d65eaf266590b70,28
89,b6a32638a58cf0deb850ec2f690a777e,95
90,b6b5faf94c0ecfe009731e8a4aa2a311,25
91,b6c217bb4b9b69294a3637a2c2c22133,95
92,b6c39c9745997d87549f931395d43fbb,25
93,b6d4950eea07b6d2c0bf115e3b5bed29,38
94,b6d63fee3e74a9f30bf735248f63f60d,28
95,b6da46b4dd925a6de5939478ead267a5,53
96,b6eaa5e5c19ef01e6aab16ffa41f3fa7,30
97,b6efedddb349a7af477879a45ab3c63d,37
98,b6f29ea430ef1df6741fffc700e13a21,30
99,b6f6fb624e9cb278e5c20f26d0da00d4,20
